Категория;Марка;Модель
bike;ABM;Raptor
bike;ABM;ZR
bike;Adly;Bullet
bike;Adly;Road Tracer
bike;Aeon;AX
bike;Ajerra;Joker SS
bike;Ajerra;S8
bike;Ajerra;Samurai
bike;Apollo;RFZ
bike;Aprilia;AF1
bike;Aprilia;Caponord
bike;Aprilia;Classic
bike;Aprilia;Dorsoduro
bike;Aprilia;ETX
bike;Aprilia;Mana 850
bike;Aprilia;Moto 6.5
bike;Aprilia;MX
bike;Aprilia;MXV
bike;Aprilia;Pegaso
bike;Aprilia;RC
bike;Aprilia;RS
bike;Aprilia;RS4
bike;Aprilia;RST
bike;Aprilia;RSV
bike;Aprilia;RSV4
bike;Aprilia;RX
bike;Aprilia;RXV
bike;Aprilia;Shiver
bike;Aprilia;SL
bike;Aprilia;SX
bike;Aprilia;SXV
bike;Aprilia;Tuareg
bike;Aprilia;Tuono
bike;Armada;PB
bike;ASIAN;Raptor
bike;ASIAWING;LX450E
bike;Ataki;CROSSER 300
bike;Ataki;EF250
bike;Ataki;S003
bike;Atlant;Dakota
bike;Atlant;Sprint
bike;Atlant;Zenith
bike;Avantis;125
bike;Avantis;150
bike;Avantis;300 Carb
bike;Avantis;A2 Basic
bike;Avantis;A2 Lux
bike;Avantis;A3
bike;Avantis;A5
bike;Avantis;A6
bike;Avantis;A7
bike;Avantis;A8
bike;Avantis;Condor
bike;Avantis;Enduro 250
bike;Avantis;Enduro 300 Pro/EFI
bike;Avantis;Enduro 450 Pro/EFI
bike;Avantis;Falcon
bike;Avantis;FX 250 basic
bike;Avantis;FX 250 Lux
bike;Avantis;LX 300
bike;Avantis;MT 250
bike;Avantis;Orion 200
bike;BAJAJ;Avenger Cruise
bike;BAJAJ;Avenger street
bike;BAJAJ;Boxer
bike;BAJAJ;Dominar
bike;BAJAJ;Pulsar
bike;BAJAJ;V 150
bike;Baltmotors;Alpha
bike;Baltmotors;ATB
bike;Baltmotors;Classic
bike;Baltmotors;Dakar
bike;Baltmotors;Enduro
bike;Baltmotors;Hiker
bike;Baltmotors;Motard
bike;Baltmotors;S1
bike;Baltmotors;Street
bike;Bashan;BS
bike;Bashan;Canyon
bike;Benda;Chinchilla
bike;Benda;Funrider
bike;Benda;LFC
bike;Benelli;502C
bike;Benelli;752S
bike;Benelli;BN
bike;Benelli;BX
bike;Benelli;Caf
bike;Benelli;Century
bike;Benelli;Leoncino 500
bike;Benelli;Leoncino 500 Trail
bike;Benelli;Leoncino 800
bike;Benelli;Leoncino 800 Trail
bike;Benelli;Titanium
bike;Benelli;TNT
bike;Benelli;Tornado
bike;Benelli;Tre
bike;Benelli;Tre-K
bike;Benelli;TRK 251
bike;Benelli;TRK 502
bike;Benelli;TRK 502X
bike;Benelli;TRK 702
bike;Benelli;TRK 702 X
bike;Beta;Alp
bike;Beta;Euro
bike;Beta;Evo
bike;Beta;Jonathan
bike;Beta;M4
bike;Beta;Minicross
bike;Beta;Minitrial
bike;Beta;RE
bike;Beta;Rev
bike;Beta;RR
bike;Beta;Urban
bike;Beta;XTrainer
bike;Bimota;BB
bike;Bimota;DB
bike;Bimota;Disabike
bike;Bimota;Mantra
bike;Bimota;SB
bike;Bimota;Supermono
bike;Bimota;Tesi
bike;Bimota;Vdue
bike;Bimota;YB
bike;Blata;Elite
bike;Blata;Enduro
bike;Blata;Minibike
bike;Blata;Minimotard
bike;Blata;Motard
bike;Blata;Origami
bike;Blata;Style
bike;BMW;F
bike;BMW;G
bike;BMW;HP2
bike;BMW;HP4
bike;BMW;K
bike;BMW;M
bike;BMW;R
bike;BMW;Rockster
bike;BMW;S
bike;Bombardier;Нет моделей
bike;Borile;B500
bike;Boss Hoss;BHC
bike;Briar;Streetfire
bike;BRP;Can-Am Ryker
bike;BRP;Can-Am Spyder
bike;BRP;Formula
bike;BRP;Freeride
bike;BRP;Grand Touring
bike;BRP;Legend
bike;BRP;MXZ
bike;BRP;Ranger
bike;BRP;Rave
bike;BRP;Ryker
bike;BRP;Skandic
bike;BRP;Spyder
bike;BRP;Summit
bike;BRP;Tundra
bike;BRP;Xtrim
bike;BRP;Yeti
bike;BRZ;H1
bike;BRZ;H2
bike;BRZ;H3
bike;BRZ;H4
bike;BRZ;H5
bike;BRZ;H6
bike;BRZ;KR3
bike;BRZ;KR8
bike;BRZ;SX
bike;BRZ;X2
bike;BRZ;X3
bike;BRZ;X4
bike;BRZ;X5
bike;BRZ;X5 Lite
bike;BRZ;X5M
bike;BRZ;X5S
bike;BRZ;X6
bike;BRZ;X6M
bike;BRZ;X8
bike;BRZ;Z7
bike;BSA;A65
bike;BSA;A75
bike;BSA;SR
bike;BSE;DX
bike;BSE;EVO
bike;BSE;EX
bike;BSE;J1
bike;BSE;J2
bike;BSE;J5
bike;BSE;KIDS
bike;BSE;M2
bike;BSE;M8
bike;BSE;MX
bike;BSE;PH
bike;BSE;PH125
bike;BSE;PRO
bike;BSE;RTC300
bike;BSE;SSSR Atom
bike;BSE;SSSR Atom Edition
bike;BSE;T5
bike;BSE;T7
bike;BSE;T8
bike;BSE;TT
bike;BSE;Z1
bike;BSE;Z10
bike;BSE;Z11
bike;BSE;Z2
bike;BSE;Z3
bike;BSE;Z4
bike;BSE;Z5
bike;BSE;Z6
bike;BSE;Z7
bike;BSE;Z9
bike;Buell;1125
bike;Buell;1190
bike;Buell;Blast
bike;Buell;Cyclone
bike;Buell;Firebolt
bike;Buell;Lightning
bike;Buell;Police
bike;Buell;Thunderbolt
bike;Buell;Ulysses
bike;Buell;XBRR
bike;Cagiva;Ala Rossa STX 350
bike;Cagiva;Canyon
bike;Cagiva;Elefant
bike;Cagiva;Mito
bike;Cagiva;Navigator
bike;Cagiva;Raptor
bike;Cagiva;River
bike;Cagiva;SuperCity
bike;Cagiva;W16
bike;Cagiva;WMX
bike;CCM;404 DS
bike;CCM;450 DS
bike;CCM;604
bike;CCM;644 DS
bike;CCM;C-XR
bike;CCM;FT
bike;CCM;LX
bike;CCM;R30
bike;CCM;RL
bike;CCM;SM
bike;CCM;SR
bike;CCM;TL
bike;Cezet;125
bike;Cezet;175
bike;Cezet;250
bike;Cezet;350
bike;Cezet;500
bike;CFMOTO;1250TR-G
bike;CFMOTO;150
bike;CFMOTO;250NK
bike;CFMOTO;300CL-X
bike;CFMOTO;300SR
bike;CFMOTO;400 NK
bike;CFMOTO;450CL-C
bike;CFMOTO;450MT Sport
bike;CFMOTO;450MT Touring
bike;CFMOTO;450SR
bike;CFMOTO;650
bike;CFMOTO;650GT
bike;CFMOTO;650NK
bike;CFMOTO;700CL-X Adventure
bike;CFMOTO;700CL-X Heritage
bike;CFMOTO;700CL-X Sport
bike;CFMOTO;700MT
bike;CFMOTO;800
bike;CFMOTO;800MT
bike;CFMOTO;800MT Explore
bike;CFMOTO;800MT Sport
bike;CFMOTO;800MT Toring
bike;CFMOTO;800NK Advanced 
bike;CFMOTO;Cruz
bike;CFMOTO;V3
bike;CFMOTO;V5
bike;CHOPPER;1Z
bike;Cobra;Crossfire
bike;Cobra;CX
bike;Cobra;SRM
bike;Corrado;CR
bike;Corrado;Sensor
bike;CPI;SMX
bike;CPI;Supercross
bike;CPI;Supermoto
bike;Cronus;Enduro
bike;Cronus;Golden Eagle
bike;Cronus;Leader
bike;Cronus;Royal
bike;Cronus;Sport
bike;Cronus;Storm
bike;Cross;Alfarad
bike;Cross;GS 250
bike;Cyclone;RE401
bike;Cyclone;RG401
bike;Cyclone;RX401
bike;Cyclone;RX6
bike;Daelim;Daystar
bike;Daelim;Roadsport
bike;Daelim;Roadwin
bike;Daelim;VJF
bike;Daelim;VT
bike;DAHL;DB
bike;DAHL;DD
bike;DAHL;DJ
bike;Defiant;Carven
bike;Defiant;DT
bike;Defiant;Renspeed
bike;Derbi;Cross City
bike;Derbi;Dirt Boy
bike;Derbi;Dirt Kid
bike;Derbi;DRD
bike;Derbi;GPR
bike;Derbi;Mulhacen
bike;Derbi;Senda
bike;Derbi;Supermotard
bike;Derbi;Terra
bike;Derbi;X-Race
bike;Ducati;749
bike;Ducati;848
bike;Ducati;916
bike;Ducati;999
bike;Ducati;DesertX
bike;Ducati;Diavel
bike;Ducati;Diavel V4
bike;Ducati;Hypermotard
bike;Ducati;Monster
bike;Ducati;Multistrada
bike;Ducati;Scrambler
bike;Ducati;ST
bike;Ducati;Streetfighter
bike;Ducati;Superbike
bike;Ducati;Supersport
bike;Ducati;XDiavel
bike;Eagle-Wing;DB
bike;Eagle-Wing;PY
bike;Ekonika Roliz;Asterix
bike;Ekonika Roliz;Cross
bike;Ekonika Roliz;Ermak
bike;Ekonika Roliz;Optimus
bike;Ekonika Roliz;Phantom
bike;Ekonika Roliz;Sport
bike;EML;Zabel
bike;Eurotex;Dakota
bike;Excelsior-Henderson;Super X
bike;Factory Bike;Chrono
bike;Factory Bike;Desert
bike;Factory Bike;Mini Desert
bike;Factory Bike;Phantom
bike;Falcon;Speedfire
bike;Fosti;FXD
bike;Fuego;Scrambler 250
bike;Fuego;Tekken 250
bike;G-Max;Cruiser
bike;G-Max;Racer
bike;GAOKIN;GK1200
bike;GAOKIN;GK500 M11D
bike;GAOKIN;GK500 M11J
bike;GAOKIN;THOR 1000
bike;Gas Gas;EC
bike;Gas Gas;Halley
bike;Gas Gas;MC
bike;Gas Gas;Pampera
bike;Gas Gas;Raga Factory Replica
bike;Gas Gas;SM
bike;Gas Gas;TX
bike;Gas Gas;TXT
bike;Gilera;Coguar
bike;Gilera;Dakota
bike;Gilera;DNA
bike;Gilera;Saturno
bike;Gilera;Zulu
bike;GR;1
bike;GR;500
bike;Guowei;GW
bike;Harley-Davidson;Breakout
bike;Harley-Davidson;CVO
bike;Harley-Davidson;Dyna
bike;Harley-Davidson;Electra Glide
bike;Harley-Davidson;Fat Bob
bike;Harley-Davidson;Fat Boy
bike;Harley-Davidson;LiveWire
bike;Harley-Davidson;Pan America
bike;Harley-Davidson;Road Glide
bike;Harley-Davidson;Road King
bike;Harley-Davidson;Roadster
bike;Harley-Davidson;Softail
bike;Harley-Davidson;Sport Glide
bike;Harley-Davidson;Sportster
bike;Harley-Davidson;Street
bike;Harley-Davidson;Street Glide
bike;Harley-Davidson;Superlow
bike;Harley-Davidson;Touring
bike;Harley-Davidson;Trike
bike;Harley-Davidson;V-Rod
bike;Hasky;F6
bike;Hengjian;Z300 2T
bike;Hensim;HLX6
bike;Highland;350
bike;Highland;450
bike;Highland;507
bike;Highland;750
bike;Highland;950
bike;Highland;Allroad
bike;Highland;Desert Storm
bike;Highland;Dirt Trac
bike;Highland;Outback
bike;Highland;Super Motard
bike;Hiro;250
bike;Hisun;Vetturino
bike;Honda;ADV
bike;Honda;CB
bike;Honda;CBF
bike;Honda;CBR
bike;Honda;CL
bike;Honda;CMX
bike;Honda;CR
bike;Honda;CRF
bike;Honda;CRM
bike;Honda;CTX
bike;Honda;CX
bike;Honda;Deauville
bike;Honda;Degree
bike;Honda;DN
bike;Honda;FMX
bike;Honda;Fury
bike;Honda;FX650 Vigor
bike;Honda;Gold Wing
bike;Honda;Humming
bike;Honda;Magna
bike;Honda;MTX
bike;Honda;NC
bike;Honda;NSR
bike;Honda;NT
bike;Honda;NTV
bike;Honda;NX
bike;Honda;PC
bike;Honda;Rebel
bike;Honda;Rune
bike;Honda;RVT
bike;Honda;Shadow Slasher
bike;Honda;SLR
bike;Honda;ST
bike;Honda;Steed
bike;Honda;Transalp
bike;Honda;Valkyrie
bike;Honda;Varadero
bike;Honda;VF
bike;Honda;VFR
bike;Honda;VRX400 Roadster
bike;Honda;VT
bike;Honda;VTR
bike;Honda;VTX
bike;Honda;X4
bike;Honda;XLR
bike;Honda;XR
bike;Honda;XRV
bike;Honling;ARK
bike;Hors;60
bike;Hors;Alpha
bike;Hors;B
bike;Hors;C
bike;Hors;F
bike;Hors;T
bike;Hors;Z
bike;Huoniao;Нет моделей
bike;Husaberg;FE 350
bike;Husaberg;FE 450e
bike;Husaberg;FE400
bike;Husqvarna;701 Enduro
bike;Husqvarna;CR
bike;Husqvarna;FC
bike;Husqvarna;FE
bike;Husqvarna;Husky
bike;Husqvarna;Norden 901
bike;Husqvarna;Nuda
bike;Husqvarna;SM
bike;Husqvarna;SMR
bike;Husqvarna;SMS
bike;Husqvarna;Svartpilen
bike;Husqvarna;TC
bike;Husqvarna;TE
bike;Husqvarna;TR
bike;Husqvarna;TX
bike;Husqvarna;TXC
bike;Husqvarna;Vitpilen
bike;Husqvarna;WR
bike;Husqvarna;WRE
bike;Husqvarna;WRK
bike;Hyosung;Aquila
bike;Hyosung;Comet
bike;Hyosung;Cruise
bike;Hyosung;GA
bike;Hyosung;GF
bike;Hyosung;GT
bike;Hyosung;GV
bike;Hyosung;Karion
bike;Hyosung;RT
bike;Hyosung;RX
bike;Hyosung;ST
bike;Hyosung;T650
bike;Hyosung;XRX
bike;Indian;Challenger Dark Horse
bike;Indian;Challenger Limited
bike;Indian;Chief
bike;Indian;Chieftain
bike;Indian;Dakota
bike;Indian;FTR 1200
bike;Indian;Pursuit
bike;Indian;Roadmaster
bike;Indian;Scout
bike;Indian;Springfield
bike;Irbis;Garpia
bike;Irbis;GR
bike;Irbis;GS
bike;Irbis;Intruder
bike;Irbis;INTRUDER 200
bike;Irbis;TTR
bike;Irbis;Virago
bike;Irbis;VJ
bike;Irbis;VR
bike;Irbis;XR
bike;Irbis;Z1
bike;Italjet;Fast Boy
bike;Italjet;Grifon
bike;Italjet;Pit Jet
bike;Jaguar;YX
bike;Jawa;125
bike;Jawa;250
bike;Jawa;300 CL
bike;Jawa;350
bike;Jawa;500
bike;Jawa;638
bike;Jawa;650
bike;Jawa;660
bike;JHL;S004 R 300
bike;Jialing;JH
bike;Jialing;JL
bike;Jianshe;Cobra
bike;Jianshe;JS
bike;Jieda;JD
bike;Jinlun;JL
bike;JMC;110
bike;JMC;125
bike;JMC;140
bike;JMC;160
bike;Johnny Pag;Barhog
bike;Johnny Pag;Falcon
bike;Johnny Pag;Joyride
bike;Johnny Pag;Malibu
bike;Johnny Pag;Ventura
bike;Jonway;Нет моделей
bike;K2R;250 EFC
bike;K2R;EFC 300
bike;K2R;EFC 450
bike;K2R;EFE 300
bike;K2R;ETC 250
bike;K2R;PF 125
bike;K2R;PF 140
bike;K2R;PF 160
bike;K2R;PF 190
bike;K2R;PF-R 160
bike;Kangchao;KC 118
bike;Kanuni;Breton
bike;Kanuni;Caracal
bike;Kanuni;Cross
bike;Kanuni;Enduro
bike;Kanuni;Racer
bike;Kanuni;Seyhan
bike;Kanuni;Tiger
bike;Kanuni;Windy
bike;Kawasaki;D-Tracker
bike;Kawasaki;EL
bike;Kawasaki;Eliminator
bike;Kawasaki;EN
bike;Kawasaki;ER
bike;Kawasaki;EX
bike;Kawasaki;GPX
bike;Kawasaki;GPZ
bike;Kawasaki;GT
bike;Kawasaki;GTR
bike;Kawasaki;KH
bike;Kawasaki;KLE
bike;Kawasaki;KLR
bike;Kawasaki;KLV
bike;Kawasaki;KLX
bike;Kawasaki;KMX
bike;Kawasaki;KX
bike;Kawasaki;KZ
bike;Kawasaki;Ninja
bike;Kawasaki;Versys
bike;Kawasaki;VN
bike;Kawasaki;Voyager
bike;Kawasaki;Vulcan
bike;Kawasaki;W650
bike;Kawasaki;W800
bike;Kawasaki;Z
bike;Kawasaki;ZG
bike;Kawasaki;ZL
bike;Kawasaki;ZR
bike;Kawasaki;ZRX
bike;Kawasaki;ZX
bike;Kawasaki;ZXR
bike;Kawasaki;ZZR
bike;Kayo;Basic
bike;Kayo;CFR
bike;Kayo;Crazy Cat
bike;Kayo;CRF
bike;Kayo;DBR 
bike;Kayo;Evolution
bike;Kayo;GP1-SM
bike;Kayo;K1
bike;Kayo;K2 250 ENDURO
bike;Kayo;K4
bike;Kayo;K6 250
bike;Kayo;K6 300
bike;Kayo;K6-L
bike;Kayo;K6-R
bike;Kayo;KT250
bike;Kayo;KT250-L
bike;Kayo;LF
bike;Kayo;T1
bike;Kayo;T2
bike;Kayo;T4
bike;Kayo;TTR
bike;Kayo;Vortex Cat
bike;Kayo;Wild Cat
bike;Kayo;YX
bike;Keeway;Cooper
bike;Keeway;Superlight
bike;Keeway;TX
bike;Keeway;X-Ray
bike;Kews;250R
bike;Kews;CB-F250
bike;Kews;CB250
bike;Kews;K16
bike;Kews;NC250S
bike;Kinroad;XT
bike;KL;KXE 125
bike;Koshine;XN
bike;Kove;500X
bike;KTM;1050
bike;KTM;1190
bike;KTM;125
bike;KTM;1290
bike;KTM;150
bike;KTM;200
bike;KTM;250
bike;KTM;300
bike;KTM;350
bike;KTM;390
bike;KTM;450
bike;KTM;50
bike;KTM;500
bike;KTM;625
bike;KTM;640
bike;KTM;690
bike;KTM;790
bike;KTM;890
bike;KTM;990 SMR
bike;KTM;Adventure
bike;KTM;EXC
bike;KTM;EXC-F
bike;KTM;Freeride
bike;KTM;RC8
bike;KTM;SMC
bike;KTM;Super Duke
bike;KTM;SX
bike;KTM;SX-E 5
bike;KTM;SX-F
bike;KTM;XC-W
bike;KXD;Cross
bike;KXD;DB
bike;KXD;PB
bike;KXD;Sport
bike;Kymco;Grand King
bike;Kymco;Hipster
bike;Kymco;K-Pipe
bike;Kymco;Quannon
bike;Kymco;Stryker
bike;Kymco;Venox
bike;Kymco;Visa
bike;Kymco;Zing
bike;Laverda;1000
bike;Laverda;1200
bike;Laverda;500
bike;Laverda;600
bike;Laverda;650
bike;Laverda;668
bike;Laverda;750
bike;Lifan;Apache
bike;Lifan;CM
bike;Lifan;Cobra
bike;Lifan;Delta
bike;Lifan;Huntaway
bike;Lifan;KPT
bike;Lifan;LF
bike;Lifan;Pony
bike;Lifan;Road Wanderer
bike;Lifan;SG
bike;Linhai;Monkey Bike
bike;Loncin;300RR
bike;Loncin;KXD
bike;Loncin;LX
bike;Loncin;Voge 300AC
bike;Loncin;Voge 300R
bike;Loncin;Voge 500R
bike;Megelli;125
bike;Megelli;Naked
bike;Megelli;Sportbike
bike;Megelli;Supermoto
bike;MinFF;M6X
bike;Motax;CX250
bike;Motax;LD 300
bike;Motax;MX
bike;Moto Guzzi;Bellagio
bike;Moto Guzzi;Breva
bike;Moto Guzzi;California
bike;Moto Guzzi;Daytona
bike;Moto Guzzi;Griso
bike;Moto Guzzi;Le Mans
bike;Moto Guzzi;Mille GT
bike;Moto Guzzi;Nevada
bike;Moto Guzzi;Norge
bike;Moto Guzzi;Quota
bike;Moto Guzzi;Stelvio
bike;Moto Guzzi;V
bike;Moto Morini;350
bike;Moto Morini;500
bike;Moto Morini;501
bike;Moto Morini;Corsaro
bike;Moto Morini;Granpasso
bike;Moto Morini;Scrambler
bike;Motobi;Misano
bike;Motobi;Zanzani
bike;Motobi;Zinzani
bike;MotoJet;Corvette
bike;Motoland;200 SPRINT
bike;Motoland;501
bike;Motoland;Alpha RX 125
bike;Motoland;Bandit
bike;Motoland;CB 250
bike;Motoland;CBR
bike;Motoland;Country
bike;Motoland;CRF
bike;Motoland;Cross Apex
bike;Motoland;Cross WRX
bike;Motoland;Dakar
bike;Motoland;DF 250
bike;Motoland;DF 300
bike;Motoland;Enduro
bike;Motoland;FC 250
bike;Motoland;Flash
bike;Motoland;Forester
bike;Motoland;FX 300
bike;Motoland;FX 300 NC
bike;Motoland;FX 450 EFI
bike;Motoland;FX 450 NC
bike;Motoland;GS ENDURO
bike;Motoland;LT 250
bike;Motoland;MT 250
bike;Motoland;MX
bike;Motoland;NX
bike;Motoland;R1 300
bike;Motoland;Scrambler 
bike;Motoland;TCX
bike;Motoland;TEXAS 300
bike;Motoland;Tour
bike;Motoland;TT
bike;Motoland;V-Raptor
bike;Motoland;Voyage
bike;Motoland;Wolf
bike;Motoland;X3
bike;Motoland;XR
bike;Motoland;XR 250
bike;Motoland;XT
bike;Motorhispania;Arena
bike;Motorhispania;Black Line
bike;Motorhispania;Duna
bike;Motorhispania;Furia
bike;Motorhispania;KN1
bike;Motorhispania;MH7
bike;Motorhispania;RX
bike;Motorhispania;RYZ
bike;MV Agusta;Brutale
bike;MV Agusta;F3
bike;MV Agusta;F4
bike;MV Agusta;Rivale
bike;MV Agusta;Stradale
bike;MV Agusta;Turismo
bike;MyBro;M3
bike;MZ;1000
bike;MZ;125
bike;MZ;Baghira
bike;MZ;ES
bike;MZ;ETS
bike;MZ;ETZ
bike;MZ;RT
bike;MZ;Skorpion
bike;MZ;SM
bike;MZ;TS
bike;Nexus;JXR
bike;Nexus;Town
bike;Nexus;XT
bike;Nitro;125
bike;Nitro;200
bike;Nitro;49
bike;Norton;C 652
bike;Norton;Commando
bike;Norton;F 1
bike;Omaks;LK
bike;Omaks;SK
bike;Omaks;XY
bike;Omaks;YD
bike;Orion;AGB
bike;Pannonia;P
bike;Pannonia;T
bike;Patron;Aero
bike;Patron;Amagi
bike;Patron;Blaze
bike;Patron;Fabio
bike;Patron;Gipsy
bike;Patron;Indigo
bike;Patron;Junior
bike;Patron;Kinger
bike;Patron;Partizan
bike;Patron;Ringer
bike;Patron;Safari
bike;Patron;Simpler
bike;Patron;Sport
bike;Patron;Taker
bike;Patron;Tribute
bike;Peugeot;NK7
bike;Peugeot;XP6
bike;Peugeot;XP7
bike;Peugeot;XPS
bike;Peugeot;XR7
bike;Pioneer;XF
bike;PitsterPro;LX
bike;PitsterPro;LXR
bike;PitsterPro;MX
bike;PitsterPro;X2
bike;PitsterPro;X5
bike;PitsterPro;XJ
bike;PitsterPro;XJR
bike;PitsterPro;XTR
bike;Polaris;Slingshot
bike;Polini;910
bike;Polini;911
bike;Polini;Carena
bike;Polini;Minicross
bike;Polini;Motard
bike;Polini;Supermotard
bike;Polini;X1
bike;Polini;XP
bike;Procida;CB 250
bike;Progasi;Gaudi
bike;Progasi;Hardcore
bike;Progasi;Ibiza
bike;Progasi;Jumbo 125
bike;Progasi;Jumbo 150
bike;Progasi;Palma
bike;Progasi;Race
bike;Progasi;Smart
bike;Progasi;Smart Max
bike;Progasi;Super Max
bike;Qingqi;Liger
bike;Qingqi;QM
bike;Qingqi;Sport
bike;QJ MOTORS;SRK 125S
bike;QJ MOTORS;SRK 400
bike;QJ MOTORS;SRK 600
bike;QJ MOTORS;SRK 600RC
bike;QJ MOTORS;SRK 700
bike;QJ MOTORS;SRK 800 RR
bike;QJ MOTORS;SRT 800S
bike;QJ MOTORS;SRT 800SX
bike;QJ MOTORS;SRV 350 VS
bike;QJ MOTORS;SRV 550
bike;QJ MOTORS;SRV 600 V4
bike;QJ MOTORS;SVT 650 Х
bike;QLink;Adventure
bike;QLink;Ciclon
bike;QLink;Fusion
bike;QLink;Legend
bike;QLink;XF
bike;Racer;Crossrunner
bike;Racer;Enduro
bike;Racer;Fighter
bike;Racer;Flash
bike;Racer;Forester
bike;Racer;Magnum
bike;Racer;Muravei
bike;Racer;Nitro
bike;Racer;Panther
bike;Racer;Phantom
bike;Racer;Ranger
bike;Racer;RC
bike;Racer;RC200GY-C2A
bike;Racer;RX
bike;Racer;Skyway
bike;Racer;SR-X1 Cross X1
bike;Racer;SR-X2 Cross X2
bike;Racer;Storm RC250
bike;Racer;Tiger
bike;Racer;Tourist RC150
bike;Racer;Viper
bike;Rapira;Destra
bike;Rapira;Mirage
bike;RAМ;TE PR PRO
bike;Reggy;RG
bike;Regulmoto;ADV
bike;Regulmoto;Alien Monster
bike;Regulmoto;Alpha
bike;Regulmoto;Aqua
bike;Regulmoto;Athlete
bike;Regulmoto;CR-X
bike;Regulmoto;CR-Z 300
bike;Regulmoto;Crosstrec 300
bike;Regulmoto;Discovery
bike;Regulmoto;Duke 300
bike;Regulmoto;DYNA
bike;Regulmoto;FIVE
bike;Regulmoto;Holeshot
bike;Regulmoto;LEGEND 300
bike;Regulmoto;Monster
bike;Regulmoto;Nibbi
bike;Regulmoto;Norden
bike;Regulmoto;PILOT
bike;Regulmoto;Raptor
bike;Regulmoto;RM
bike;Regulmoto;SEVEN
bike;Regulmoto;SK
bike;Regulmoto;Sport
bike;Regulmoto;T-Leopard
bike;Regulmoto;TE PR
bike;Regulmoto;THOR 400
bike;Regulmoto;ZR
bike;Ridley;AutoGlide
bike;Rieju;e-Bicy
bike;Rieju;Marathon
bike;Rieju;MR 300 Racing
bike;Rieju;MRT
bike;Rieju;MRX
bike;Rieju;MX
bike;Rieju;NKD
bike;Rieju;RR
bike;Rieju;RRX
bike;Rieju;RS
bike;Rieju;SMX
bike;Rieju;Spike
bike;Rieju;Tango
bike;ROCKOT;DAKAR
bike;ROCKOT;HOUND 250
bike;ROCKOT;Hound 300
bike;Roliz;003
bike;Roliz;005
bike;Roliz;007
bike;Roliz;009
bike;Roliz;Asterix
bike;Roliz;Cross
bike;Roliz;CYREX
bike;Roliz;Ermak
bike;Roliz;Optimus
bike;Roliz;Phantom
bike;Roliz;SPIDER
bike;Roliz;Sport
bike;Romet;ADV
bike;Romet;Ogar
bike;Romet;R
bike;Romet;Soft
bike;Romet;Z
bike;Romet;ZK
bike;Royal Enfield;Battle Green
bike;Royal Enfield;Bullet
bike;Royal Enfield;Classic
bike;Royal Enfield;Continental
bike;Royal Enfield;Desert
bike;Royal Enfield;Fury
bike;Royal Enfield;Himalayan
bike;Royal Enfield;Interceptor 650
bike;Royal Enfield;Trial
bike;S2 MOTORS;Panther CBR
bike;Sachs;B-805
bike;Sachs;Beast
bike;Sachs;Dirty Devil
bike;Sachs;Roadster
bike;Sachs;X Road
bike;Sachs;XTC
bike;Sachs;ZX
bike;Sachs;ZZ
bike;Samurai;CXM
bike;Sanchez;Bandit CB300F
bike;Sanchez;Bandit PR300
bike;Sanchez;Fury CB300RL
bike;Sanchez;Fury MT250
bike;Sanchez;Fury NB300
bike;Sanchez;Maniac CB250D
bike;Sanchez;Maniac CB300F
bike;Sanchez;Maniac PR300
bike;Sherco;Champion
bike;Sherco;City Corp
bike;Sherco;Enduro
bike;Sherco;Ipone
bike;Sherco;Kid
bike;Sherco;SE
bike;Sherco;Shark
bike;Sherco;SM
bike;Sherco;ST
bike;Sherco;SU
bike;Sherco;Supermotard
bike;Sherco;Trial
bike;Sherco;Urban
bike;Shineray;Chief
bike;Shineray;Sport 250 Cobra
bike;Shineray;XY
bike;Sigma;Sport
bike;Simson;AWO
bike;Simson;S
bike;Simson;Schikra
bike;Simson;Sperber
bike;Skygo;SG400
bike;Skyline;KXP
bike;Skyline;Spirit
bike;Skymoto;Bird
bike;Skymoto;Bullet
bike;Skymoto;Dragon
bike;Skymoto;Eagle
bike;Skymoto;Flame
bike;Skymoto;Matador
bike;Skymoto;Prime
bike;Skymoto;Ranger
bike;Skymoto;Wolf
bike;Sonik;Alpha
bike;Sonik;Cafe Racer
bike;Sonik;Dakota
bike;Sonik;Flattop
bike;Sonik;GPX
bike;Sonik;Lifo
bike;Sonik;Storm
bike;Sonik;Toughman
bike;Soul;Apach
bike;Soul;Boss
bike;Soul;Charger
bike;Soul;Motard
bike;Soul;Rocker
bike;Soul;Spirit
bike;SSSR;ATOM
bike;SSSR;CORE
bike;Stark;Varg
bike;Stels;400 Сruiser
bike;Stels;Delta
bike;Stels;Enduro
bike;Stels;Flame
bike;Stels;Flex
bike;Stels;SB
bike;Stels;Trigger
bike;Stels;Десна
bike;Stinger;250
bike;Stinger;GSMT
bike;Stinger;GSPB
bike;Stinger;XT
bike;Super Soco;TC
bike;Super Soco;TSx
bike;Suzuki;B-King
bike;Suzuki;Bandit
bike;Suzuki;Boulevard
bike;Suzuki;Djebel
bike;Suzuki;DL
bike;Suzuki;DR
bike;Suzuki;DR-Z
bike;Suzuki;Gamma
bike;Suzuki;GN
bike;Suzuki;Grasstracker
bike;Suzuki;GS
bike;Suzuki;GSF
bike;Suzuki;GSR
bike;Suzuki;GSX
bike;Suzuki;GSX-G
bike;Suzuki;GSX-R
bike;Suzuki;GSX-S
bike;Suzuki;GSX1300R Hayabusa
bike;Suzuki;GV
bike;Suzuki;GW
bike;Suzuki;GZ
bike;Suzuki;Intruder
bike;Suzuki;Katana
bike;Suzuki;RF
bike;Suzuki;RM
bike;Suzuki;RM-Z
bike;Suzuki;RMX
bike;Suzuki;RV
bike;Suzuki;Savage
bike;Suzuki;SFV
bike;Suzuki;SV
bike;Suzuki;TL
bike;Suzuki;TU
bike;Suzuki;V-Strom
bike;Suzuki;VL800
bike;Suzuki;VX
bike;Suzuki;VZ
bike;Suzuki;XF
bike;Suzuki;XT
bike;SWM;Gram Milano
bike;SWM;RS
bike;SWM;Silver Vase
bike;SWM;SM
bike;Sym;Husky
bike;Sym;Wolf
bike;Sym;XS
bike;Tiger;Boxer
bike;Tiger;Bulldog
bike;Tiger;CMX
bike;TM Racing;EN
bike;TM Racing;MX
bike;TM Racing;SMM
bike;TM Racing;SMR
bike;TM Racing;SMX
bike;Tomos;Alpino
bike;Tomos;BT
bike;Tomos;LX
bike;Tomos;MC
bike;Tomos;SE
bike;Tomos;SM
bike;Tomos;Sportmate
bike;Tomos;ST
bike;Tomos;Streetmate
bike;Triumph;America
bike;Triumph;Bonneville
bike;Triumph;Daytona
bike;Triumph;Rocket 3
bike;Triumph;Rocket III
bike;Triumph;Scrambler
bike;Triumph;Speed Triple
bike;Triumph;Speed Twin
bike;Triumph;Speedmaster
bike;Triumph;Sprint
bike;Triumph;Street Triple
bike;Triumph;Street Twin
bike;Triumph;Thruxton
bike;Triumph;Thunderbird
bike;Triumph;Tiger
bike;Triumph;Trident 660
bike;Triumph;Trophy
bike;Triumph;TT
bike;TRX;Start
bike;TRX;Thor
bike;TVS;Apache
bike;TVS;Centra
bike;TVS;Fiero
bike;TVS;Flame
bike;TVS;Jive
bike;TVS;Max
bike;TVS;Metro
bike;TVS;Sport
bike;TVS;Star
bike;TVS;Victor
bike;TYE;3000
bike;Vento;Colt
bike;Vento;Enduro CG250
bike;Vento;Rebellian
bike;Vento;V-Thunder
bike;Victory;Arlen Ness
bike;Victory;Boardwalk
bike;Victory;Cross Country
bike;Victory;Cross Roads
bike;Victory;Gunner
bike;Victory;Hammer
bike;Victory;Hard ball
bike;Victory;High Ball
bike;Victory;Jackpot
bike;Victory;Judge
bike;Victory;Kingpin tour
bike;Victory;Magnum
bike;Victory;Octane
bike;Victory;V92
bike;Victory;Vegas
bike;Victory;Vision
bike;Viper;Diablo
bike;Viper;Diamondback
bike;Viper;Hunter
bike;Viper;MX
bike;Viper;V
bike;Viper;VM
bike;Viper;XT
bike;Viper;ZS
bike;Viper;Zubr
bike;Virus;RX250
bike;Virus;X1
bike;Virus;X2
bike;Virus;X2R
bike;Virus;X3
bike;Virus;X3R
bike;Virus;X5
bike;VMC;Zabel
bike;VOGE;300AC
bike;VOGE;300ACT
bike;VOGE;300ACX
bike;VOGE;300DS
bike;VOGE;300DS-Adventure
bike;VOGE;300R
bike;VOGE;300Rally
bike;VOGE;300RR
bike;VOGE;500AC
bike;VOGE;500DS
bike;VOGE;500DS-Adventure
bike;VOGE;500DSX
bike;VOGE;500DSX-Adventure
bike;VOGE;500R
bike;VOGE;525DSX
bike;VOGE;650DS
bike;VOGE;650DSX
bike;VOGE;650DSX-ADV
bike;Voxan;Black Classic
bike;Voxan;Black Magic
bike;Voxan;Cafe Racer 05
bike;Voxan;Charade Racing
bike;Voxan;Noveau Roadster
bike;Voxan;Roadster
bike;Voxan;Scrambler
bike;Voxan;Street Scrambler
bike;Voxan;VX-10
bike;Vyrus;984
bike;Vyrus;985
bike;Vyrus;986
bike;Vyrus;987
bike;Wels;125
bike;Wels;250
bike;Wels;CBR
bike;Wels;CRF
bike;Wels;Ghost
bike;Wels;Gold Classic
bike;Wels;Gold Sport
bike;Wels;Impulse
bike;Wels;MX
bike;Wels;Planeta
bike;Wels;RT
bike;Wels;Superior
bike;WSP;Zabel
bike;Xinguizun;NB300
bike;Xingyue;XY
bike;Xingyue;XYQH
bike;Xmotos;X
bike;Xmotos;XB
bike;Xmotos;XP
bike;Xmotos;XPR
bike;Xmotos;XTR
bike;Xmotos;XZ
bike;Xmotos;XZP
bike;Yamaha;BT
bike;Yamaha;DT
bike;Yamaha;FJ
bike;Yamaha;FJR
bike;Yamaha;FZ
bike;Yamaha;FZR
bike;Yamaha;FZS
bike;Yamaha;GTS
bike;Yamaha;MT
bike;Yamaha;SCR
bike;Yamaha;SR
bike;Yamaha;SZR
bike;Yamaha;TDM
bike;Yamaha;TDR
bike;Yamaha;Tracer
bike;Yamaha;TRX
bike;Yamaha;TT
bike;Yamaha;TT-R
bike;Yamaha;TW
bike;Yamaha;TZR
bike;Yamaha;V-Max
bike;Yamaha;Virago
bike;Yamaha;WR
bike;Yamaha;XG
bike;Yamaha;XJ
bike;Yamaha;XJR
bike;Yamaha;XS
bike;Yamaha;XSR
bike;Yamaha;XT
bike;Yamaha;XTZ
bike;Yamaha;XV
bike;Yamaha;XVS
bike;Yamaha;XVZ
bike;Yamaha;XZ
bike;Yamaha;YBR
bike;Yamaha;YS
bike;Yamaha;YSR
bike;Yamaha;YX
bike;Yamaha;YZ
bike;Yamaha;YZF
bike;Yamasaki;Cobra
bike;Yamasaki;Diavolo
bike;Yamasaki;FMX
bike;Yamasaki;Foal
bike;Yamasaki;Leader
bike;Yamasaki;Lizard
bike;Yamasaki;Redneck
bike;Yamasaki;Scorpion
bike;Yamasaki;YM
bike;YCF;Bigy
bike;YCF;F125
bike;YCF;F150
bike;YCF;F88S
bike;YCF;Start
bike;Yiben;YB
bike;Zero;DS
bike;Zero;MX
bike;Zero;S
bike;Zero;X
bike;Zero;XU
bike;ZIP Motors;Alpha
bike;ZIP Motors;K3
bike;ZIP Motors;Triton
bike;Zipp;Manic
bike;Zipp;Pro
bike;Zipp;Raven
bike;Zipp;Roadstar
bike;Zipp;Shock
bike;Zipp;VZ
bike;ZM;Hopper
bike;ZM;Rocker
bike;ZM;Scout
bike;Znen;ZN
bike;Zongshen;125
bike;Zongshen;150
bike;Zongshen;200
bike;Zongshen;250
bike;Zongshen;GS
bike;Zongshen;LZX
bike;Zongshen;MX
bike;Zongshen;ZS
bike;Zontes;ZT350
bike;Zuum;CB
bike;Zuum;CR250
bike;Zuum;CR300
bike;Zuum;CX250
bike;Zuum;CX300
bike;Zuum;CX300R
bike;Zuum;NC
bike;Zuum;P125
bike;Zuum;PM125
bike;Zuum;PX220
bike;АВМ;FX
bike;АВМ;Helper
bike;АВМ;Jazz
bike;АВМ;Pegas
bike;АВМ;Phantom
bike;АВМ;Raptor
bike;АВМ;ZR
bike;АВМ;ZX
bike;Альфамото;Apache
bike;Альфамото;Classic
bike;Альфамото;Flame
bike;Альфамото;Harley
bike;Альфамото;Irokez
bike;Альфамото;Korsar
bike;Альфамото;Leader
bike;Альфамото;Machete
bike;Альфамото;Road Wanderer
bike;Альфамото;Slider
bike;Альфамото;Spider
bike;Альфамото;Torero
bike;Альфамото;Virginia
bike;Альфамото;Сobra
bike;Восход;1
bike;Восход;2
bike;Восход;3
bike;Восход;Курьер
bike;Восход;Сова
bike;Днепр;К-650
bike;Днепр;К-750
bike;Днепр;КМЗ
bike;Днепр;МВ
bike;Днепр;МТ-10
bike;Днепр;МТ-10-36
bike;Днепр;МТ-11
bike;Днепр;МТ-12
bike;Днепр;МТ-16
bike;Днепр;МТ-9
bike;ЗиД;250 Лис
bike;ЗиД;300-01
bike;ЗиД;LF
bike;ЗиД;YX
bike;ЗиД;Бархан
bike;ЗиД;Ковровец
bike;ИЖ;350
bike;ИЖ;49
bike;ИЖ;56
bike;ИЖ;К-16
bike;ИЖ;Корнет
bike;ИЖ;Планета
bike;ИЖ;Юнкер
bike;ИЖ;Юпитер
bike;ИжТехМаш;Cobra SRM
bike;ИжТехМаш;Street
bike;Минск;C
bike;Минск;C4
bike;Минск;CX
bike;Минск;D4
bike;Минск;ERX
bike;Минск;Goose
bike;Минск;Hunter 150
bike;Минск;M
bike;Минск;M1A
bike;Минск;M1M
bike;Минск;R250
bike;Минск;Ranger 200
bike;Минск;RX
bike;Минск;SCR 250
bike;Минск;TRX 300
bike;Минск;X 200
bike;Минск;X 250
bike;Минск;ММВЗ
bike;Скаут;Сафари
bike;ТМЗ;Тула
bike;Урал;Gear Up
bike;Урал;M 66
bike;Урал;M 67
bike;Урал;M-62
bike;Урал;M-63
bike;Урал;Patrol
bike;Урал;Retro
bike;Урал;Solo
bike;Урал;Sportsman
bike;Урал;Tourist
bike;Урал;Wolf
bike;Урал;ИМЗ
bike;Урал;К-750
bike;Урал;М 61
bike;Урал;М 72
bike;Эксклюзив;Can-Am Spyder
bike;Эксклюзив;Custom
bike;Эксклюзив;Редкая модель
bike;Эксклюзив;Ретро
scooter;Adly;Cat
scooter;Adly;e-Bike
scooter;Adly;Fox 5
scooter;Adly;Fun Cruiser
scooter;Adly;Jet
scooter;Adly;Noble
scooter;Adly;Panther
scooter;Adly;Silver Fox
scooter;Adly;Super Sonic
scooter;Adly;Thunder
scooter;Aeon;Aero
scooter;Aeon;Echo
scooter;Aeon;Elite
scooter;Aeon;Pulsar
scooter;Aeon;Urban
scooter;Apollo;JETIX
scooter;Aprilia;Atlantic
scooter;Aprilia;Leonardo
scooter;Aprilia;Mojito
scooter;Aprilia;Red Rose
scooter;Aprilia;Scarabeo
scooter;Aprilia;Sonic
scooter;Aprilia;SportCity
scooter;Aprilia;SR
scooter;Aprilia;SRV
scooter;Atlant;Bravo
scooter;Atlant;Calypso
scooter;Atlant;Chopper
scooter;Atlant;City
scooter;Atlant;Cruiser
scooter;Atlant;Delta
scooter;Atlant;Derby
scooter;Atlant;Driver
scooter;Atlant;Galaxy
scooter;Atlant;Legend
scooter;Atlant;Pilot
scooter;Atlant;Runner
scooter;Atlant;Sirius
scooter;Atlant;Stalker
scooter;Atlant;Storm
scooter;Atlant;Tornado
scooter;Atlant;Viking
scooter;AVM Plus;Citycoco
scooter;AVM Plus;Delta
scooter;AVM Plus;E-ALFA 18
scooter;AVM Plus;E-ALFA 20
scooter;AVM Plus;E-ALFA 20 Pro
scooter;AVM Plus;E-ALFA Fat
scooter;AVM Plus;E-ALFA Travel
scooter;AVM Plus;E-ALFA Vector
scooter;AVM Plus;JET
scooter;AVM Plus;Zoomer
scooter;AVM Plus;Кeren Stardust
scooter;Baltmotors;Biwis
scooter;Baltmotors;Galactica
scooter;Baltmotors;Joy
scooter;Baotian;Apollo
scooter;Baotian;BT
scooter;Baotian;Citibike
scooter;Baotian;Eagle
scooter;Baotian;Evolution
scooter;Baotian;Falcon
scooter;Baotian;Monza
scooter;Bashan;Beverly
scooter;Bashan;Boulevard
scooter;Bashan;BWS
scooter;Bashan;Catalina
scooter;Bashan;Click
scooter;Bashan;Cygnus
scooter;Bashan;Daytona
scooter;Bashan;GTR
scooter;Bashan;PCX
scooter;Bashan;RSZ
scooter;Bashan;RZR
scooter;Bashan;Storm
scooter;Bashan;Vegas
scooter;Benelli;491
scooter;Benelli;Caffe Nero
scooter;Benelli;Macis
scooter;Benelli;Pepe
scooter;Benelli;QuattroNove
scooter;Benelli;Velvet
scooter;Beta;Ark
scooter;Beta;Eikon
scooter;Blata;Blatino
scooter;BMW;C
scooter;BMW;CE 04
scooter;Cagiva;Brillo
scooter;Cagiva;City
scooter;Cagiva;Nuvola
scooter;CFMOTO;250
scooter;CFMOTO;E-Charm
scooter;CFMOTO;Fashion
scooter;CFMOTO;Glory
scooter;Champ;Cavalier
scooter;Champ;Running
scooter;Citycoco;SMD
scooter;Citycoco;Wild Wheel 3000w
scooter;Citycoco;X1 mini
scooter;Citycoco;X1 Pro
scooter;Citycoco;X11
scooter;Citycoco;X2
scooter;Citycoco;X2 PRO
scooter;Citycoco;X4
scooter;Citycoco;X7
scooter;Citycoco;X7 PRO
scooter;Citycoco;Е1
scooter;Citycoco;Е3
scooter;Corrado;Fiber
scooter;Corrado;Racing
scooter;CPI;Aragon
scooter;CPI;Formula
scooter;CPI;GTR
scooter;CPI;Hussar
scooter;CPI;Oliver
scooter;CPI;Popcorn
scooter;Cronus;500LA
scooter;Cronus;800LA
scooter;Cronus;Adventure
scooter;Cronus;Agility
scooter;Cronus;Kami
scooter;Cronus;Kazoku
scooter;Cronus;Mika
scooter;Cronus;Predator
scooter;Cronus;Raptor
scooter;Cronus;Terminator
scooter;Cyclone;RT3S
scooter;Daelim;Cordi
scooter;Daelim;History
scooter;Daelim;Otello
scooter;Daelim;S
scooter;DAHL;DS
scooter;Defiant;Apollo
scooter;Defiant;Arteko
scooter;Defiant;Bogatto
scooter;Defiant;Cizeta
scooter;Defiant;Concord
scooter;Defiant;Cornel
scooter;Defiant;Farm
scooter;Defiant;Kamei
scooter;Defiant;Kengli
scooter;Defiant;Lamberti
scooter;Defiant;Loton
scooter;Defiant;Navigator
scooter;Defiant;Norris
scooter;Defiant;Pluton
scooter;Defiant;Tornado
scooter;Defiant;Turin
scooter;Defiant;Vegas
scooter;Defiant;Velon
scooter;Defiant;Vimpel
scooter;Delta;50
scooter;Delta;72
scooter;Delta;EX
scooter;Delta;RMR
scooter;Delta;V-501
scooter;Derbi;Atlantis
scooter;Derbi;Boulevard
scooter;Derbi;GP1
scooter;Derbi;Predator
scooter;Derbi;Rambla
scooter;Derbi;Red Bullet
scooter;Derbi;Revolution
scooter;Derbi;Sonar
scooter;Derbi;Variant
scooter;Eagle-Wing;DB
scooter;Ekonika Roliz;Offroad
scooter;Fada;FD
scooter;Fada;QT
scooter;G-Max;Corvette
scooter;G-Max;SH
scooter;G-Max;Volcan
scooter;Geely;GL
scooter;Geely;JL
scooter;Geely;Lucky
scooter;Geely;T-6
scooter;Gilera;Fuoco
scooter;Gilera;GP800
scooter;Gilera;Nexus
scooter;Gilera;Runner
scooter;Gilera;Stalker
scooter;Gilera;Storm
scooter;GreenCamel;Тайфун
scooter;GreenCamel;Фродо X7
scooter;Gryphon;Sting
scooter;Honda;ADV
scooter;Honda;ANF
scooter;Honda;Bali
scooter;Honda;Broad
scooter;Honda;CN
scooter;Honda;Crea Scoopy
scooter;Honda;Dio
scooter;Honda;DJ
scooter;Honda;Dylan
scooter;Honda;Eve Smile
scooter;Honda;Fizy
scooter;Honda;Foresight
scooter;Honda;Forza
scooter;Honda;Giorno
scooter;Honda;Gyro
scooter;Honda;Jazz
scooter;Honda;Joker
scooter;Honda;Lead
scooter;Honda;MBX
scooter;Honda;Metropolitan
scooter;Honda;Nes
scooter;Honda;Pantheon
scooter;Honda;PCX
scooter;Honda;SFX
scooter;Honda;SH
scooter;Honda;Silver Wing
scooter;Honda;Spacy
scooter;Honda;Super Cub
scooter;Honda;Tact
scooter;Honda;Today
scooter;Honda;Vision
scooter;Honda;X-ADV
scooter;Honda;Zoomer
scooter;Honling;Adonis
scooter;Honling;Alfa
scooter;Honling;Boomerang
scooter;Honling;Caper
scooter;Honling;Cruiser
scooter;Honling;F5
scooter;Honling;Jog
scooter;Honling;Joker
scooter;Honling;Knight
scooter;Honling;Navigator
scooter;Honling;Pharaon
scooter;Honling;Priboy
scooter;Honling;RS
scooter;Honling;Titan
scooter;Honling;Viking
scooter;Hors;152
scooter;Hors;153
scooter;Hors;154
scooter;Hors;156
scooter;Hors;157
scooter;Hors;158
scooter;Hors;252
scooter;Hors;301
scooter;Hors;51
scooter;Hors;52
scooter;Hors;53
scooter;Hors;54
scooter;Hors;55
scooter;Hors;56
scooter;Hors;57
scooter;Hors;58
scooter;Hors;Alpha
scooter;Hors;Eurostrada
scooter;Hors;Kinroad
scooter;Hors;Strada Jazz
scooter;Huatian;HT
scooter;Huatian;Power
scooter;Huatian;Spider
scooter;Hunter;HM
scooter;Hunter;HT
scooter;Hunter;XT
scooter;Huoniao;HN50QT8
scooter;Hyosung;KR
scooter;Hyosung;MS1
scooter;Hyosung;MS3
scooter;Hyosung;Rally
scooter;Hyosung;SD
scooter;Hyosung;SF
scooter;Irbis;BWS
scooter;Irbis;Grace
scooter;Irbis;Irokez
scooter;Irbis;LX
scooter;Irbis;Nirvana
scooter;Irbis;RZR
scooter;Italjet;150
scooter;Italjet;50
scooter;Italjet;Dragster
scooter;Italjet;Formula
scooter;Italjet;Jack
scooter;Italjet;JetSet
scooter;Italjet;Jupiter
scooter;Italjet;Marco Polo
scooter;Italjet;Millennium
scooter;Italjet;Roller Craft
scooter;Italjet;Torpedo
scooter;Italjet;Velocifero
scooter;Jawa;50
scooter;Jialing;JL
scooter;Jieda;JD
scooter;Jinlun;JL
scooter;Jmstar;Aquila
scooter;Jmstar;JSD50QT
scooter;Jonway;Explorer
scooter;Kanuni;Diablo
scooter;Kanuni;Edge
scooter;Kanuni;Elite
scooter;Kanuni;Leap
scooter;Kanuni;Revolt
scooter;Kanuni;Tigrina
scooter;Kanuni;Zebra
scooter;Kawasaki;J300
scooter;Keeway;ARN
scooter;Keeway;F-Act
scooter;Keeway;Flash
scooter;Keeway;Hurricane
scooter;Keeway;Matrix
scooter;Keeway;Outlook
scooter;Keeway;RY8
scooter;Kingway;Alien
scooter;Kingway;Arrow
scooter;Kingway;Barracuda
scooter;Kingway;Cereno
scooter;Kingway;Chinaboy
scooter;Kingway;Cobra
scooter;Kingway;Fonero
scooter;Kinroad;XT
scooter;Kugoo;Kirin V
scooter;Kymco;Activ
scooter;Kymco;Agility
scooter;Kymco;Bet and Win
scooter;Kymco;Carry
scooter;Kymco;Dink
scooter;Kymco;DJ
scooter;Kymco;Downtown
scooter;Kymco;Grand Dink
scooter;Kymco;Like
scooter;Kymco;Myroad
scooter;Kymco;Nexxon
scooter;Kymco;People
scooter;Kymco;Pulsar
scooter;Kymco;Sento
scooter;Kymco;Super
scooter;Kymco;Vitality
scooter;Kymco;Xciting
scooter;Kymco;ZX
scooter;Leopard;LP50QT
scooter;Lifan;KPV
scooter;Lifan;LF
scooter;Lifan;Matrix
scooter;Lifan;Metro
scooter;Lifan;Smart
scooter;Lifan;Turin
scooter;LIMA;Lucky
scooter;LIMA;M9
scooter;LIMA;MIO
scooter;LIMA;Start
scooter;Linhai;Drive In
scooter;Linhai;Eggy
scooter;Linhai;Main Street
scooter;Linhai;Monarch
scooter;Linhai;Prince
scooter;Linhai;Quattrocento
scooter;Malaguti;Blog
scooter;Malaguti;Centro
scooter;Malaguti;Ciak
scooter;Malaguti;Drakon
scooter;Malaguti;DVD
scooter;Malaguti;F 10
scooter;Malaguti;Firefox
scooter;Malaguti;Grizzly
scooter;Malaguti;Madison
scooter;Malaguti;Malboline
scooter;Malaguti;Password
scooter;Malaguti;Phantom
scooter;Malaguti;Spidermax
scooter;Malaguti;X3M
scooter;Malaguti;XSM
scooter;Malaguti;XTM
scooter;MBK;Booster
scooter;MBK;Flame
scooter;MBK;Flipper
scooter;MBK;MachG
scooter;MBK;Nitro
scooter;MBK;Ovetto
scooter;MBK;Skycruiser
scooter;MBK;Skyliner
scooter;MBK;Stunt
scooter;MBK;X-Limit
scooter;MBK;X-Power
scooter;Mirmoto;LK
scooter;Mirmoto;XT
scooter;Mirmoto;YM
scooter;Mirmoto;ZS
scooter;Moto-Italy;Cinquanta
scooter;Moto-Italy;Innocenti Cooper
scooter;Moto-Italy;Neo
scooter;Moto-Italy;Nesso
scooter;Moto-Italy;Premiera
scooter;Moto-Italy;RT
scooter;Motobi;Adiva
scooter;Motobi;Imola
scooter;Motobi;Pesaro
scooter;Motobi;Rocky
scooter;Motobi;Spider
scooter;Motobi;Velvet
scooter;Motobi;YB
scooter;Motobi;Zbik
scooter;Motoland;Alpha
scooter;Motoland;Alpha RS
scooter;Motoland;CRF
scooter;Motoland;Delta
scooter;Motoland;F22
scooter;Motoland;Leader
scooter;Motoland;Miami
scooter;Motoland;Paladin 
scooter;Motoland;Scout 11
scooter;Motoland;WAVE 
scooter;Motoland;XT
scooter;Musstang;MT
scooter;MZ;Charly
scooter;MZ;Emmely
scooter;Navigator;EX
scooter;Navigator;Grand Prix
scooter;Navigator;MX
scooter;Navigator;TMX
scooter;Navigator;TXM
scooter;Nexus;Batman
scooter;Nexus;Bird
scooter;Nexus;Blaster
scooter;Nexus;Booster
scooter;Nexus;BW'S
scooter;Nexus;Classic
scooter;Nexus;F22
scooter;Nexus;F35
scooter;Nexus;Falcon
scooter;Nexus;Fantom
scooter;Nexus;Jet
scooter;Nexus;Matrix
scooter;Nexus;Roar
scooter;Nexus;Shift
scooter;Nexus;Splash
scooter;Nexus;Street
scooter;Nexus;Vector
scooter;Nexus;Viper
scooter;Nexus;X1
scooter;Nexus;XR
scooter;Nexus;Zoom
scooter;Ninebot;E100
scooter;Ninebot;E125
scooter;Ninebot;E200
scooter;Ninebot;E300
scooter;Ninebot;M95C
scooter;NIU;F200
scooter;Omaks;Ardour
scooter;Omaks;B0
scooter;Omaks;Cuxi
scooter;Omaks;Falcone
scooter;Omaks;LK
scooter;Omaks;Matador
scooter;Omaks;Phantom
scooter;Omaks;Race
scooter;Omaks;Revenger
scooter;Omaks;Virtuality
scooter;Omaks;XF
scooter;Omaks;Yutu
scooter;Pegasus;S50 GP
scooter;Peugeot;BlackSat
scooter;Peugeot;Blaster
scooter;Peugeot;Buxy
scooter;Peugeot;C-Tech
scooter;Peugeot;Citystar
scooter;Peugeot;Django
scooter;Peugeot;Elyseo
scooter;Peugeot;Elystar
scooter;Peugeot;Geopolis
scooter;Peugeot;Jet
scooter;Peugeot;Kisbee
scooter;Peugeot;Looxor
scooter;Peugeot;Ludix
scooter;Peugeot;LXR
scooter;Peugeot;Rally
scooter;Peugeot;Satelis
scooter;Peugeot;Snake
scooter;Peugeot;Speedake
scooter;Peugeot;Speedfight
scooter;Peugeot;Sum Up
scooter;Peugeot;TKR
scooter;Peugeot;Tweet
scooter;Peugeot;V-Clic
scooter;Peugeot;Vivacity
scooter;Peugeot;Vogue
scooter;Peugeot;Zenith
scooter;PGO;Big Max
scooter;PGO;Bubu
scooter;PGO;G-MAX
scooter;PGO;Libra
scooter;PGO;Ligero
scooter;PGO;No Fear
scooter;PGO;PMS
scooter;PGO;PMX
scooter;PGO;T-Rex
scooter;PGO;TR3
scooter;PGO;X-Hot
scooter;Piaggio;Beverly
scooter;Piaggio;BV
scooter;Piaggio;Carnaby
scooter;Piaggio;Ciao
scooter;Piaggio;Diesis
scooter;Piaggio;Fly
scooter;Piaggio;Grillo
scooter;Piaggio;Hexagon
scooter;Piaggio;Liberty
scooter;Piaggio;MP3
scooter;Piaggio;NRG
scooter;Piaggio;Sfera
scooter;Piaggio;Skipper
scooter;Piaggio;Torpedo
scooter;Piaggio;Typhoon
scooter;Piaggio;Vespa
scooter;Piaggio;X10
scooter;Piaggio;X7
scooter;Piaggio;X8
scooter;Piaggio;X9
scooter;Piaggio;XEvo
scooter;Piaggio;Zip
scooter;Pioneer;Accord
scooter;Pioneer;Admiral
scooter;Pioneer;Bravo
scooter;Pioneer;Challenger
scooter;Pioneer;Cruiser
scooter;Pioneer;Favorite
scooter;Pioneer;Flagman
scooter;Pioneer;Fly
scooter;Pioneer;General
scooter;Pioneer;Impulse
scooter;Pioneer;Jazz
scooter;Pioneer;Leader
scooter;Pioneer;Legend
scooter;Pioneer;Matrix
scooter;Pioneer;Maxus
scooter;Pioneer;Mustang
scooter;Pioneer;Pegas
scooter;Pioneer;Premium
scooter;Pioneer;Samurai
scooter;Pioneer;Tornado
scooter;Pioneer;Vector
scooter;Pioneer;XF
scooter;Qingqi;Grampus
scooter;Qingqi;Leopard
scooter;Qingqi;Variant
scooter;QJ MOTORS;Fort 350
scooter;QLink;Depredador
scooter;QLink;Falcon
scooter;QLink;Powerboy
scooter;QLink;Xtasis
scooter;Racer;Alpha
scooter;Racer;Arrow
scooter;Racer;Delta
scooter;Racer;Dragon
scooter;Racer;Flame
scooter;Racer;Indigo
scooter;Racer;Lupus
scooter;Racer;Neo RC50QT-3X
scooter;Racer;RC
scooter;Racer;Sagita
scooter;Racer;Stells
scooter;Racer;Storm
scooter;Racer;Trophy
scooter;Reggy;RG
scooter;Regulmoto;Alpha
scooter;Regulmoto;Digita
scooter;Regulmoto;Eagle
scooter;Regulmoto;Estate
scooter;Regulmoto;Formula
scooter;Regulmoto;Grido
scooter;Regulmoto;Insetto
scooter;Regulmoto;Trevis
scooter;Regulmoto;XDV ADVENTURE
scooter;Regulmoto;XDV TRAVELER
scooter;Rex;Concordia
scooter;Rex;Elektro
scooter;Rex;Monza Race
scooter;Rex;Silverstreet
scooter;Rieju;Mius
scooter;Rieju;Pacific
scooter;Riya;RY
scooter;ROCKOT;ALPHA CITY
scooter;ROCKOT;АLРНА Тourist
scooter;Roliz;Ekonika
scooter;Roliz;Offroad
scooter;Romet;700
scooter;Romet;717
scooter;Romet;727
scooter;Romet;747
scooter;Romet;757
scooter;Romet;767
scooter;Romet;797
scooter;Romet;Arrow
scooter;Romet;City
scooter;Romet;Maxi
scooter;Romet;Ogar
scooter;Romet;Z
scooter;Romet;ZK
scooter;Sabur;SB
scooter;Sachs;49er
scooter;Sachs;Bee
scooter;Sachs;Eagle
scooter;Sachs;FYM
scooter;Sachs;LF
scooter;Sachs;MadAss
scooter;Sachs;Prima
scooter;Sachs;Quattrocento
scooter;Sachs;SpeedForce
scooter;Sachs;SpeedJet
scooter;Sachs;SX1
scooter;Salute;Storm
scooter;Salute;Wind
scooter;Samurai;Alpha
scooter;Samurai;F50
scooter;Samurai;HD
scooter;Samurai;JJ50QT-11D
scooter;Sanyou;125CC
scooter;Sanyou;SY50QT-5
scooter;Sebur;XZS
scooter;Sensor;CR50
scooter;Shineray;XY
scooter;SHL;50Q
scooter;Sigma;Sport
scooter;Simson;Habicht
scooter;Simson;KR
scooter;Simson;S
scooter;Simson;Schwalbe
scooter;Simson;SL
scooter;Simson;Spatz
scooter;Simson;SR
scooter;Simson;Star
scooter;Sinski;XSJ50Qt-4D
scooter;Skyline;F50
scooter;Skyline;RY50QT
scooter;Skyline;Storm
scooter;Skyline;Victory
scooter;Skymoto;Bravo
scooter;Skymoto;Outman
scooter;Skymoto;Patrol
scooter;Skymoto;Quest
scooter;Skymoto;Rio
scooter;Skymoto;Simple
scooter;Skymoto;Solo
scooter;Skymoto;Vista
scooter;Sonik;Corsa
scooter;Sonik;E-Strada
scooter;Sonik;Eagle King
scooter;Sonik;Eco-Cool
scooter;Sonik;Eco-Ride
scooter;Sonik;EK
scooter;Sonik;Free Wind
scooter;Sonik;Mach
scooter;Sonik;Modena
scooter;Sonik;Raptor
scooter;Sonik;Siena
scooter;Sonik;Strada
scooter;Sonik;Tour
scooter;Sonik;Vortex
scooter;Soul;AIR
scooter;Soul;Delta
scooter;Soul;Evolution
scooter;Soul;Fire
scooter;Soul;Freedom
scooter;Soul;Hunter
scooter;Soul;Illussion
scooter;Soul;Lux
scooter;Soul;Raptor
scooter;Spark;Q48
scooter;Spark;R5
scooter;Spark;R6
scooter;Stels;Arrow
scooter;Stels;Outlander
scooter;Stels;Skif
scooter;Stels;Tactic
scooter;Stels;Trigger
scooter;Stels;Vortex
scooter;Stels;Zion
scooter;Stinger;80
scooter;Stinger;Angel
scooter;Stinger;Dynamic
scooter;Stinger;FLY
scooter;Stinger;Mystic
scooter;Suzuki;Address
scooter;Suzuki;Avenis
scooter;Suzuki;Burgman
scooter;Suzuki;Choinori
scooter;Suzuki;Epicuro
scooter;Suzuki;Katana
scooter;Suzuki;Landie
scooter;Suzuki;Let's
scooter;Suzuki;Ran
scooter;Suzuki;Sepia
scooter;Suzuki;Skywave
scooter;Suzuki;Street Magic
scooter;Suzuki;Swish
scooter;Suzuki;TU
scooter;Suzuki;Vecstar
scooter;Suzuki;Verde
scooter;Suzuki;ZZ
scooter;Sym;Allo
scooter;Sym;Crox
scooter;Sym;DD
scooter;Sym;Jet
scooter;Sym;Joymax
scooter;Sym;Joyride
scooter;Sym;Maxsym
scooter;Sym;Mio
scooter;Sym;Orbit
scooter;Sym;Symphoni
scooter;Tailg;T1000DT-27F
scooter;TGB;101
scooter;TGB;203
scooter;TGB;303
scooter;TGB;Akros Tec
scooter;TGB;Bull
scooter;TGB;Bullet
scooter;TGB;Cappuccio
scooter;TGB;Delivery
scooter;TGB;Express
scooter;TGB;F 409
scooter;TGB;Hawk
scooter;TGB;Hook
scooter;TGB;Keywest
scooter;TGB;Laser
scooter;TGB;Mystique
scooter;TGB;Octane
scooter;TGB;R125X
scooter;TGB;R50X
scooter;TGB;Sunset
scooter;TGB;Tapo
scooter;TGB;X Large
scooter;TGB;X motion
scooter;Tiger;50
scooter;Tiger;Commodore
scooter;Tiger;HT
scooter;Tiger;QJ
scooter;Tiger;Spider
scooter;Tomos;APN
scooter;Tomos;Arrow
scooter;Tomos;Flexer
scooter;Tomos;Hip-Hop
scooter;Tomos;Pack’R
scooter;Tomos;Quadro
scooter;Tomos;Racing
scooter;Tomos;Revival
scooter;Tomos;Sprint
scooter;Tomos;Street Soul
scooter;Tomos;Whizzr'd
scooter;Tomos;Youngstr
scooter;Tosheen;Eurostrada
scooter;Tosheen;Strada Jazz
scooter;Trickler;50
scooter;Tsunami;Family
scooter;TVS;Neo
scooter;TVS;Rockz
scooter;TVS;Scooty
scooter;TVS;XL
scooter;Vectrix;Electric
scooter;Vectrix;VX
scooter;Vento;City
scooter;Vento;Corsa
scooter;Vento;Hot Rod
scooter;Vento;Inferno
scooter;Vento;MAX
scooter;Vento;Naked
scooter;Vento;Phantera
scooter;Vento;Phantom
scooter;Vento;Retro
scooter;Vento;Riva 2 CX
scooter;Vento;RIVA 2 RX
scooter;Vento;Riva 2 SX
scooter;Vento;Riva II
scooter;Vento;Smart
scooter;Vento;Triton
scooter;Vento;VMC
scooter;Vento;VMC NOVA
scooter;Vento;Zip
scooter;Veras;MiDO KX-5
scooter;Veras;NiNO SD-8
scooter;Veras;PiCO MG-2
scooter;Vespa;ET
scooter;Vespa;Granturismo
scooter;Vespa;GT
scooter;Vespa;GTS
scooter;Vespa;GTV
scooter;Vespa;LX
scooter;Vespa;LXV
scooter;Vespa;Primavera
scooter;Vespa;PX
scooter;Vespa;S
scooter;Vespa;Sprint
scooter;Vespa;Zafferano
scooter;Viper;50QT-10
scooter;Viper;Active
scooter;Viper;Alpha
scooter;Viper;Cruiser
scooter;Viper;Delta
scooter;Viper;F50
scooter;Viper;Fabius
scooter;Viper;Fada
scooter;Viper;Fly
scooter;Viper;Grace
scooter;Viper;Grand Prix
scooter;Viper;Harley
scooter;Viper;Legend
scooter;Viper;Matrix
scooter;Viper;MX
scooter;Viper;Phantom
scooter;Viper;Sport
scooter;Viper;Storm
scooter;Viper;Tornado
scooter;Viper;Ufo
scooter;Viper;Victory
scooter;Viper;Vision
scooter;Viper;Volcano
scooter;Viper;VP
scooter;Viper;Wind
scooter;Viper;Zip
scooter;VOLT;EZZY
scooter;Volteco;Trike
scooter;Wels;250
scooter;Wels;Action
scooter;Wels;Alpha
scooter;Wels;Beatles
scooter;Wels;Bison
scooter;Wels;Boma
scooter;Wels;Despot
scooter;Wels;Eagle King
scooter;Wels;Grace
scooter;Wels;Kiddy
scooter;Wels;knight
scooter;Wels;Marne
scooter;Wels;Monster
scooter;Wels;Offroad
scooter;Wels;Orlando
scooter;Wels;Paladin
scooter;Wels;Purga
scooter;Wels;Special
scooter;Wels;Storm
scooter;Wels;Thunder
scooter;Wind;LH50-G
scooter;Wottan;Titan
scooter;WT Motors;Atene
scooter;WT Motors;Bilbao
scooter;WT Motors;Bomber
scooter;WT Motors;Hollywood
scooter;WT Motors;Jungle
scooter;WT Motors;Miami
scooter;Xingyue;XY
scooter;Yamaha;Aerox
scooter;Yamaha;Aprio
scooter;Yamaha;Axis
scooter;Yamaha;Beluga
scooter;Yamaha;BJ
scooter;Yamaha;BWS
scooter;Yamaha;Champ
scooter;Yamaha;CT50
scooter;Yamaha;Cygnus
scooter;Yamaha;Eagle
scooter;Yamaha;Gear
scooter;Yamaha;Jog
scooter;Yamaha;Majesty
scooter;Yamaha;Maxam
scooter;Yamaha;Mint
scooter;Yamaha;Morphous
scooter;Yamaha;N-Max
scooter;Yamaha;Neos
scooter;Yamaha;Pasetta
scooter;Yamaha;S-Max
scooter;Yamaha;Slider
scooter;Yamaha;T-Max
scooter;Yamaha;Versity
scooter;Yamaha;Vino
scooter;Yamaha;X-City
scooter;Yamaha;X-Max
scooter;Yamasaki;MB
scooter;Yamasaki;YM
scooter;Yiben;YB
scooter;Yiying;YY
scooter;Zipp;GP
scooter;Zipp;JZV
scooter;Zipp;Lavissa
scooter;Zipp;Otis
scooter;Zipp;Parco
scooter;Zipp;Pro
scooter;Zipp;Quantum
scooter;Zipp;Steed
scooter;Zipp;Tops
scooter;Zipp;Volteno
scooter;Zipp;VZ
scooter;Znen;ZN
scooter;Zonder;Boxer
scooter;Zonder;Gans
scooter;Zonder;Gudwin
scooter;Zonder;Joker
scooter;Zonder;Titan
scooter;Zonder;Winner
scooter;Zonder;Wolf
scooter;Zongshen;ZS50
scooter;Zontes;ZT350T
scooter;Zumico;GT
scooter;АВМ;Alpha
scooter;АВМ;Cyclone
scooter;АВМ;Delta
scooter;АВМ;Flash
scooter;АВМ;Gust
scooter;АВМ;Sky
scooter;АВМ;Storm
scooter;АВМ;Thunder
scooter;АВМ;Tornado
scooter;АВМ;Volcan
scooter;АВМ;ZX
scooter;Альфамото;Charm
scooter;Альфамото;Dolphin
scooter;Альфамото;Farmer
scooter;Альфамото;Fighter
scooter;Альфамото;JJ
scooter;Альфамото;Saigak
scooter;Альфамото;Turin
scooter;Альфамото;Zebra
scooter;Верховина;3
scooter;Верховина;4
scooter;Верховина;5
scooter;Верховина;6
scooter;Верховина;7
scooter;Верховина;МВ
scooter;Верховина;МП
scooter;Верховина;Спорт
scooter;Верховина;Турист
scooter;Вятка;ВП 150
scooter;Вятка;ВП 150М
scooter;ЗиД;LF
scooter;ЗиД;YX
scooter;ЗиД;Пилот
scooter;Карпаты;2
scooter;Карпаты;2 Люкс
scooter;Карпаты;2 Спорт
scooter;Минск;2.154
scooter;Минск;D4
scooter;Минск;D49
scooter;Минск;TC
scooter;Минск;TM
scooter;Минск;TX
scooter;Минск;Upa-Upa
scooter;Минск;Vesna
scooter;Минск;ММВЗ
scooter;Рига;1
scooter;Рига;11
scooter;Рига;12
scooter;Рига;13
scooter;Рига;16
scooter;Рига;17С
scooter;Рига;22
scooter;Рига;26
scooter;Рига;3
scooter;Рига;4
scooter;Рига;5
scooter;Рига;7
scooter;Скаут;Сафари
scooter;ТМЗ;Муравей
scooter;ТМЗ;Тулица
scooter;ТМЗ;Турист
scooter;Эксклюзив;Редкая модель
atv;ABT;Marker 150cc
atv;Access;AX
atv;Access;BR
atv;Access;SP
atv;Adly;ATV
atv;Aeon;Cobra
atv;Aeon;Crossland
atv;Aeon;Minikolt
atv;Aeon;Overland
atv;Aeon;Revo
atv;Aeon;SXS
atv;AGY;А250
atv;AGY;А300
atv;AGY;А500
atv;AIE;4 Cross
atv;AIE;MagMax
atv;AMOTO;DAZZLE
atv;AMOTO;E008
atv;AMOTO;E009
atv;AMOTO;Hummer 200 L
atv;AMOTO;Hummer 200cc
atv;AMOTO;Hummer 200D
atv;AMOTO;Racing PRO
atv;AMOTO;Shark 125
atv;AMOTO;Shark 125cc
atv;AMOTO;Shark 200cc
atv;Arctic Cat;1000
atv;Arctic Cat;150
atv;Arctic Cat;300
atv;Arctic Cat;450
atv;Arctic Cat;550
atv;Arctic Cat;650
atv;Arctic Cat;700
atv;Arctic Cat;90
atv;Arctic Cat;Mid-Size
atv;Arctic Cat;Mud Pro
atv;Arctic Cat;Prowler
atv;Arctic Cat;TBX
atv;Arctic Cat;Thundercat
atv;Arctic Cat;TRV
atv;Arctic Cat;Wildcat
atv;Arctic Cat;XC
atv;Armada;ATV
atv;Armada;Pro
atv;Armada;UTV
atv;ASA;ATV
atv;Avantis;Classic 8
atv;Avantis;Forester 200
atv;Avantis;Hunter 150
atv;Avantis;Hunter 200
atv;Avantis;Hunter 7 Lite
atv;Avantis;Hunter 8
atv;AVM Plus;Grizlik 49
atv;AVM Plus;Grizlik 49 МАХ
atv;AVM Plus;Hummer 200
atv;Baltmotors;ATV
atv;Baltmotors;Jam
atv;Baltmotors;Jumbo
atv;Baltmotors;Junior
atv;Baltmotors;MBX
atv;Baltmotors;Striker
atv;Baltmotors;UTV
atv;Bashan;ATV
atv;Bashan;BS
atv;Bashan;CK
atv;BFR;Condor
atv;Blata;Funky
atv;BMW;GG
atv;BRP;Commander
atv;BRP;DS
atv;BRP;Maverick
atv;BRP;Outlander
atv;BRP;Quest
atv;BRP;Rally
atv;BRP;Renegade
atv;BRP;Traxter
atv;BSE;XT-1
atv;Cectek;Estoc
atv;Cectek;Gladiator
atv;Cectek;Kingcobra
atv;Cectek;Quadrift
atv;CFMOTO;CForce
atv;CFMOTO;Rancher
atv;CFMOTO;SSV
atv;CFMOTO;Terracross
atv;CFMOTO;Terralander
atv;CFMOTO;Tracker
atv;CFMOTO;U8W
atv;CFMOTO;UTV
atv;CFMOTO;X5
atv;CFMOTO;X6
atv;CFMOTO;X8
atv;CFMOTO;Z6
atv;CFMOTO;Z8
atv;CFMOTO;Zforce
atv;Cobra;ECX
atv;CPI;ATV XT 50
atv;CPI;XS
atv;Cronus;150
atv;Cronus;200
atv;Cronus;50
atv;Cronus;700
atv;Cub Cadet;Volunteer
atv;DAHL;DA
atv;DAHL;DAF
atv;Derbi;DFW
atv;Derbi;DXR
atv;Dinli;ATV
atv;Gas Gas;Wild HP
atv;Godzilla;CHZ
atv;Godzilla;Dominator
atv;Godzilla;Sport
atv;Godzilla;Utility
atv;Godzilla;Z
atv;Goes;CF 500
atv;GreenCamel;Атакама
atv;GreenCamel;Гоби K22
atv;Hisun;ATV
atv;Hisun;Forge
atv;Hisun;HS
atv;Hisun;Sector
atv;Hisun;Strike
atv;Hisun;Tactic
atv;Hisun;UTV
atv;Honda;TRX
atv;Honling;ATV
atv;Hors;12
atv;Hors;15
atv;Hors;24
atv;Hors;25
atv;Hors;35
atv;Hummer;150сс
atv;Hummer;200
atv;Hummer;250
atv;Hyosung;TE
atv;Irbis;110u
atv;Irbis;125u
atv;Irbis;150u
atv;Irbis;200u
atv;Irbis;250s
atv;Irbis;70u
atv;Irbis;ATV125
atv;Irbis;ATV150
atv;Irbis;ATV200
atv;Irbis;ATV250
atv;IRIDE;Wolf 300
atv;Jialing;ATV
atv;Jianshe;ATV
atv;Jinlun;ATV
atv;John Deere;XUV 560E
atv;John Deere;XUV 570
atv;Jordan Motors;ATV
atv;Kanuni;ATV
atv;Kawasaki;Bayou
atv;Kawasaki;Brute Force
atv;Kawasaki;KFX
atv;Kawasaki;KVF
atv;Kawasaki;Mule
atv;Kawasaki;Prairie
atv;Kawasaki;Teryx
atv;Kayo;A200
atv;Kayo;AU125
atv;Kayo;AU150
atv;Kayo;AU180
atv;Kayo;AU200
atv;Kayo;AU300
atv;Kayo;YDF
atv;Kayo;YEF
atv;Kayo;А150
atv;Kayo;А300
atv;Kazuma;Dingo
atv;Kazuma;Falcon
atv;Kazuma;Gator
atv;Kazuma;Jaguar
atv;Kazuma;Lacosta
atv;Kazuma;Mammoth
atv;Kazuma;Wombat
atv;Keeway;ATV
atv;Kinlon;ATV
atv;Kinroad;XT
atv;KXD;Big Foot
atv;KXD;Cobra
atv;KXD;GRIZZLY
atv;KXD;Hummer
atv;KXD;M5
atv;KXD;MARS
atv;KXD;Repty
atv;KXD;Warrior
atv;Kymco;Maxxer
atv;Kymco;Mongoose
atv;Kymco;MXU
atv;Kymco;UXV
atv;Laverda;180
atv;Lifan;LF
atv;Linhai;150
atv;Linhai;200
atv;Linhai;300
atv;Linhai;400
atv;Linhai;500
atv;Linhai;550
atv;Linhai;600
atv;Linhai;700
atv;Linhai;80
atv;Lokker;Batman
atv;Lokker;Cruiser
atv;Lokker;Dominanor
atv;Lokker;Puma
atv;Lokker;Smart
atv;Lokker;Sprinter
atv;Lokker;Triber
atv;Loncin;ATV200
atv;Loncin;Bokser
atv;Micilon;ATV
atv;Micilon;Hummer
atv;Mikilon;Hammer
atv;Mikilon;Rapide
atv;MMG;Carbon
atv;MMG;Cobra
atv;MMG;Hummer
atv;MMG;Hunter
atv;MMG;Tornado
atv;MMG;Warrior Quad
atv;Motax;ATV
atv;Motoland;200 All Road
atv;Motoland;200 All Road Х
atv;Motoland;Adventure
atv;Motoland;ATV E008
atv;Motoland;ATV Fox 125
atv;Motoland;Coyote
atv;Motoland;Dakar
atv;Motoland;Eagle
atv;Motoland;Gokart
atv;Motoland;MAX 300 X EFI
atv;Motoland;Mini
atv;Motoland;Raptor 110
atv;Motoland;Raptor 125
atv;Motoland;Rider
atv;Motoland;Scorpion 50
atv;Motoland;SD
atv;Motoland;Shark
atv;Motoland;VOX 250 RALLY
atv;Motoland;Wild
atv;Motoland;Wild Track
atv;New Force;NF
atv;Nexus;ATV
atv;Nissamaran;Blast
atv;Nissamaran;Rato
atv;Nissamaran;Tundra
atv;Nissamaran;Tyran
atv;Nissamaran;XY
atv;Nitro;125
atv;Nitro;200
atv;Nitro;49
atv;Nitro;ECO Cobra
atv;Nitro;ECO Warrior
atv;ODES;ATV 1000
atv;ODES;ATV 650
atv;ODES;ATV 800
atv;Omaks;DB
atv;Omaks;SP
atv;Omaks;XY
atv;Omaks;YH
atv;Omaks;YX
atv;Patron;Scaner
atv;Patron;ZemZem
atv;Polar Fox;ATV
atv;Polar Fox;OutLaw
atv;Polar Fox;Tiger
atv;Polar Fox;XY
atv;Polaris;General 
atv;Polaris;Hawkeye
atv;Polaris;Magnum
atv;Polaris;Outlaw
atv;Polaris;Phoenix
atv;Polaris;Predator
atv;Polaris;Ranger
atv;Polaris;RZR
atv;Polaris;Sawtooth
atv;Polaris;Scrambler
atv;Polaris;Sportsman
atv;Polaris;Trail Blazer
atv;Polaris;Trail Boss
atv;Polaris;Xpedition
atv;Polaris;Xplorer
atv;QLink;Cobra
atv;QLink;Road King
atv;QLink;Thunder
atv;QLink;Xroad
atv;Racer;RC
atv;Regulmoto;ATV 220
atv;Regulmoto;XMR 200
atv;Rex;Aspen Quad
atv;Sachs;Typhoon
atv;Sagitta;Leone
atv;Sagitta;Orso
atv;Sebur;200
atv;Sebur;200 PRO
atv;SHERHAN;1000W
atv;SHERHAN;1000W CHAMPION
atv;SHERHAN;1500G HURRICANE
atv;SHERHAN;2000G ARMOUR
atv;SHERHAN;2000G H2
atv;SHERHAN;2500 GLX
atv;SHERHAN;2500 GMX
atv;SHERHAN;400G (58cc)
atv;SHERHAN;SMART
atv;Shineray;ATV
atv;Skyline;ATV
atv;Skymoto;Bars
atv;Skymoto;Leopard
atv;Skymoto;Panda
atv;Skymoto;Pony
atv;Skymoto;Puma
atv;SMC;AK
atv;SMC;BLA
atv;SMC;Buzz
atv;SMC;CBW
atv;SMC;J-Max
atv;SMC;MBX
atv;SMC;Utility
atv;SMC;Wildcat
atv;Sonik;Reptile
atv;Spark;ATV
atv;Spark;LZ
atv;Spark;SP
atv;Speedgear;UTV400
atv;Stels;ATV
atv;Stels;UTV
atv;Stinger;ATV
atv;Suzuki;KingQuad
atv;Suzuki;Ozark
atv;Suzuki;QuadSport
atv;Sym;Quadlander
atv;Sym;Quadraider
atv;TGB;Blade
atv;TGB;Gunner
atv;TGB;Street
atv;TGB;Target
atv;Tomoto;ATV
atv;Tramp;ATV
atv;Tramp;Classic
atv;Tramp;Cuv
atv;Tramp;Demon
atv;Tramp;Muddy
atv;Tramp;V-Twin
atv;Vento;Avalanche
atv;Vento;Reptile
atv;Viper;ATV
atv;Wels;150
atv;Wels;ATV
atv;Wels;EVO
atv;Wels;HS
atv;Wels;Ladoga
atv;Wels;Storm
atv;Wels;Thunder
atv;Wels;Vuoksa
atv;WT Motors;Alaska
atv;WT Motors;Canadian
atv;WT Motors;Kaos
atv;WT Motors;Kymera
atv;WT Motors;Poseydon
atv;WT Motors;Ram
atv;WT Motors;Siberian
atv;Xingyue;XYST
atv;Xmotos;Kodiac
atv;Yacota;ATV
atv;Yacota;Dazzle
atv;Yacota;DRAGON 125
atv;Yacota;Sela
atv;Yacota;Sela MAX
atv;Yacota;Sirius
atv;Yacota;Viking
atv;Yacota;Warrior 200
atv;Yamaha;Big Bear
atv;Yamaha;Blaster
atv;Yamaha;Grizzly
atv;Yamaha;Kodiak
atv;Yamaha;Raider
atv;Yamaha;Raptor
atv;Yamaha;Rhino
atv;Yamaha;Viking
atv;Yamaha;Wolverine
atv;Yamaha;YFM
atv;Yamaha;YFZ
atv;Yamaha;YXZ
atv;Yiben;YB
atv;Zipp;KID
atv;Zonder;ATV
atv;Zumico;ATV
atv;Авдис;6.502
atv;АВМ;Apache
atv;АВМ;Ninja
atv;АВМ;Scorpion
atv;ЗиД;LF
atv;ЗиД;TL
atv;ЗиД;Робинзон
atv;ЗиД;Тарпан
atv;ИжТехМаш;JAEGER 2
atv;ИжТехМаш;JAEGER 2.00
atv;Минск;Dzik 200
atv;Минск;KD
atv;Минск;Lis 125
atv;Минск;REX-200
atv;РОСОМАХА;500
atv;Русская Механика;500-2
atv;Русская Механика;Persheron
atv;Русская Механика;RM-Gamax
atv;Русская Механика;РМ
atv;Русская Механика;Рысь
atv;Эксклюзив;Редкая модель
atv;Эксклюзив;Самодельный
snow;Alpina;Sherpa
snow;Alpina;Superclass
snow;Arctic Cat;BearCat
snow;Arctic Cat;Crossfire
snow;Arctic Cat;F
snow;Arctic Cat;M
snow;Arctic Cat;Panther
snow;Arctic Cat;ProClimb
snow;Arctic Cat;ProCross
snow;Arctic Cat;Sno Pro
snow;Arctic Cat;ST
snow;Arctic Cat;T
snow;Arctic Cat;TZ1
snow;Arctic Cat;XF
snow;Arctic Cat;Z1
snow;Arctic Cat;ZL
snow;Arctic Cat;ZR
snow;Armada;PD
snow;Armada;SR
snow;Baltmotors;Barboss
snow;Baltmotors;Snowdog
snow;Bombardier;Adventure
snow;Bombardier;Alpine
snow;Bombardier;Expedition
snow;Bombardier;Freeride
snow;Bombardier;Ranger
snow;Brait;Стандарт
snow;CPI;Нет моделей
snow;Cronus;PD
snow;Cronus;SR
snow;Cronus;TT
snow;Forza;МБС
snow;ICE DEER;IDC-170
snow;Irbis;Dingo
snow;Irbis;Д-2
snow;Irbis;К-2
snow;Irbis;Мухтар
snow;K2R;Нет моделей
snow;Motoland;S200
snow;Pegas;Voyager
snow;Polaris;Adventure
snow;Polaris;Assault
snow;Polaris;Dragon
snow;Polaris;Edge
snow;Polaris;Fusion
snow;Polaris;Indy
snow;Polaris;IQ
snow;Polaris;ProX
snow;Polaris;RMK
snow;Polaris;Rush
snow;Polaris;Shift
snow;Polaris;Switchback
snow;Polaris;Titan
snow;Polaris;Trail Touring
snow;Polaris;Transport
snow;Polaris;Widetrak
snow;Pomor;Нет моделей
snow;Ski-Doo;Rotax
snow;Snow-bot;Arctic
snow;Stels;Viking
snow;Stels;Витязь
snow;Stels;Ермак
snow;Stels;Капитан
snow;Stels;Мороз
snow;Stels;Росомаха
snow;Wels;250
snow;Wels;WS
snow;Woideal;WD180
snow;Yamaha;Apex
snow;Yamaha;FXNytro
snow;Yamaha;Phazer
snow;Yamaha;RS Venture
snow;Yamaha;RS Viking
snow;Yamaha;SRViper
snow;Yamaha;SRX
snow;Yamaha;Venture
snow;Yamaha;VK
snow;АВМ;Snowfox
snow;АВМ;Wind
snow;Барс;Mast 500
snow;Барс;Партизан
snow;Барс;Р 550
snow;Барс;Следопыт
snow;БТС;2x2 Фермер
snow;БТС;Брат
snow;БТС;БТС Лонг
snow;БТС;ВТС Фрог
snow;БТС;Компакт
snow;БТС;Малек
snow;БТС;Стандарт
snow;БТС;Стандарт Про
snow;БТС;Хит
snow;ЗиД;МБГ-2 Вьюга
snow;ИжТехМаш;Белка
snow;Итлан;Каюр
snow;МВП;500
snow;МВП;800
snow;Минск;NIX 200
snow;Пелец;Пилигрим
snow;Русская Механика;Tiksy
snow;Русская Механика;Буран
snow;Русская Механика;Рыбинка
snow;Русская Механика;Рысь
snow;Русская Механика;Тайга
snow;СЗПИ;Бурлак-М
snow;СЗПИ;Пегас
snow;Шихан;Д-1
snow;Шихан;Д-2
snow;Шихан;К-1
snow;Шихан;К-2
snow;Эксклюзив;Редкая модель
